{"cameraMode":{"drawMode":0,"name":"Shaded","section":"Shading Mode"},"sceneLighting":true,"audioPlay":false,"sceneViewState":{"m_AlwaysRefresh":false,"showFog":true,"showSkybox":true,"showFlares":true,"showImageEffects":true,"showParticleSystems":true,"showVisualEffectGraphs":true,"m_FxEnabled":true},"in2DMode":false,"pivot":{"x":-12.868992805480957,"y":10.020201683044434,"z":5.112549781799316},"rotation":{"x":-0.16946056485176087,"y":-0.7019554376602173,"z":0.17774266004562379,"w":-0.6685949563980103},"size":-0.6339746713638306,"orthographic":false}